{
    "Dummy": {
        "accuracy": 0.7373333333333333,
        "f1": 0.0,
        "roc_auc": 0.5
    },
    "LogReg": {
        "accuracy": 0.8108888888888889,
        "f1": 0.5475810738968634,
        "roc_auc": 0.7935225387034164
    },
    "DecisionTree": {
        "accuracy": 0.8395555555555556,
        "f1": 0.6730072463768116,
        "roc_auc": 0.8203435039761584
    },
    "RandomForest": {
        "accuracy": 0.886,
        "f1": 0.7399898631525595,
        "roc_auc": 0.9230364499030567
    },
    "GradientBoosting": {
        "accuracy": 0.8926666666666667,
        "f1": 0.7748251748251749,
        "roc_auc": 0.9216691195744078
    }
}